,Local Date,Local Time,Air temp 1,rh,Rainfall (mm),sp5 Light,Windspeed Average mph,Windspeed Gust Max mph,Soil temp2,Bat Volt,Serial No.,Label,Name
0,14-03-24,09:00:01,10.0,94.6,0,366.0,29.43,16.5,8.1,13.7,2428,Weather Station,allpress
1,14-03-24,10:00:01,11.4,91.2,0,561.2,32.98,18.25,8.1,13.8,2428,Weather Station,allpress
2,14-03-24,11:00:01,12.0,87.8,0,346.48,29.5,15.75,8.1,13.8,2428,Weather Station,allpress
3,14-03-24,12:00:01,12.8,84.3,0,285.48,31.08,15.75,8.2,13.8,2428,Weather Station,allpress
4,14-03-24,13:00:01,14.4,81.5,0,631.96,31.78,15.0,8.3,13.8,2428,Weather Station,allpress
5,14-03-24,14:00:01,14.9,75.7,0,466.04,37.58,18.25,8.4,13.8,2428,Weather Station,allpress
6,14-03-24,15:00:01,15.6,69.8,0,370.88,38.53,21.5,8.4,13.8,2428,Weather Station,allpress
7,14-03-24,16:00:01,15.3,70.1,0,363.56,39.8,20.75,8.5,13.8,2428,Weather Station,allpress
8,14-03-24,17:00:01,14.2,74.1,0,102.48,35.53,18.25,8.6,13.3,2428,Weather Station,allpress
9,14-03-24,18:00:01,13.0,84.7,0,2.44,34.15,17.5,8.7,13.1,2428,Weather Station,allpress
10,14-03-24,19:00:01,11.8,92.8,0,0.0,34.43,16.5,8.7,13.1,2428,Weather Station,allpress
11,14-03-24,20:00:01,11.3,99.8,0,0.0,33.2,16.5,8.7,13.0,2428,Weather Station,allpress
12,14-03-24,21:00:01,11.4,97.5,0,0.0,37.78,17.5,8.8,13.0,2428,Weather Station,allpress
13,14-03-24,22:00:01,11.4,98.2,0,0.0,30.5,15.75,8.8,13.0,2428,Weather Station,allpress
14,14-03-24,23:00:01,10.8,100.0,0,0.0,25.43,15.0,8.8,13.0,2428,Weather Station,allpress
15,15-03-24,00:00:01,10.6,95.6,0,0.0,27.55,16.5,8.8,13.0,2428,Weather Station,allpress
16,15-03-24,01:00:01,10.9,95.7,0,0.0,26.85,15.0,8.8,13.0,2428,Weather Station,allpress
17,15-03-24,02:00:01,10.7,95.4,0,0.0,26.65,13.25,8.7,12.9,2428,Weather Station,allpress
18,15-03-24,03:00:01,10.8,98.4,0,0.0,23.23,11.5,8.7,12.9,2428,Weather Station,allpress
19,15-03-24,04:00:01,10.1,94.7,0,0.0,27.28,14.0,8.7,12.9,2428,Weather Station,allpress
20,15-03-24,05:00:01,9.6,96.5,0,0.0,27.78,14.0,8.7,12.9,2428,Weather Station,allpress
21,15-03-24,06:00:02,9.8,99.0,0,0.0,25.45,14.0,8.7,12.9,2428,Weather Station,allpress
22,15-03-24,07:00:01,10.6,96.2,0,78.08,30.03,15.0,8.6,12.9,2428,Weather Station,allpress
23,15-03-24,08:00:01,11.3,92.6,0,192.76,30.15,15.0,8.6,13.2,2428,Weather Station,allpress
24,15-03-24,09:00:01,13.4,84.0,0,824.72,37.33,22.5,8.6,13.8,2428,Weather Station,allpress
25,15-03-24,10:00:01,12.9,83.7,0,414.8,42.03,20.0,8.6,13.8,2428,Weather Station,allpress
26,15-03-24,11:00:01,13.5,78.7,0,439.2,44.85,22.5,8.7,13.8,2428,Weather Station,allpress
27,15-03-24,12:00:01,15.2,71.5,0,1302.96,45.2,23.25,8.8,13.8,2428,Weather Station,allpress
28,15-03-24,13:00:01,15.2,68.6,0,563.64,43.5,22.5,8.8,13.8,2428,Weather Station,allpress
29,15-03-24,14:00:01,14.9,71.3,0,644.16,44.35,23.25,8.9,13.8,2428,Weather Station,allpress
30,15-03-24,15:00:01,15.9,65.4,0,819.84,43.48,22.5,9.0,13.8,2428,Weather Station,allpress
31,15-03-24,16:00:01,15.2,70.7,0,741.76,40.45,20.0,9.0,13.8,2428,Weather Station,allpress
32,15-03-24,17:00:01,13.5,77.0,0,80.52,38.43,19.0,9.1,13.3,2428,Weather Station,allpress
33,15-03-24,18:00:01,13.1,78.0,0,0.0,26.0,15.75,9.2,13.1,2428,Weather Station,allpress
34,15-03-24,19:00:01,9.4,93.5,1,0.0,32.55,16.5,9.2,13.1,2428,Weather Station,allpress
35,15-03-24,20:00:01,7.8,85.9,0,0.0,31.48,17.5,9.2,13.0,2428,Weather Station,allpress
36,15-03-24,21:00:01,6.8,92.4,0,0.0,21.3,12.5,9.1,13.0,2428,Weather Station,allpress
37,15-03-24,22:00:01,7.3,91.3,0,0.0,19.5,10.0,9.0,13.0,2428,Weather Station,allpress
38,15-03-24,23:00:01,7.4,92.3,0,0.0,19.65,10.75,9.0,13.0,2428,Weather Station,allpress
39,16-03-24,00:00:01,7.4,94.2,0,0.0,22.15,11.5,8.9,13.0,2428,Weather Station,allpress
40,16-03-24,01:00:01,6.5,100.0,0,0.0,25.35,15.0,8.8,12.9,2428,Weather Station,allpress
41,16-03-24,02:00:01,5.6,96.5,0,0.0,12.33,7.5,8.7,12.9,2428,Weather Station,allpress
42,16-03-24,03:00:01,3.9,100.0,0,0.0,4.9,5.0,8.6,12.9,2428,Weather Station,allpress
43,16-03-24,04:00:01,5.1,100.0,0,0.0,4.7,5.0,8.5,12.9,2428,Weather Station,allpress
44,16-03-24,05:00:01,3.2,100.0,0,0.0,8.9,5.0,8.4,12.9,2428,Weather Station,allpress
45,16-03-24,06:00:01,2.3,100.0,0,0.0,6.8,4.0,8.4,12.8,2428,Weather Station,allpress
46,16-03-24,07:00:01,3.2,100.0,0,168.36,1.1,2.5,8.2,12.9,2428,Weather Station,allpress
47,16-03-24,08:00:01,5.9,100.0,0,427.0,2.0,4.0,8.1,13.7,2428,Weather Station,allpress
48,16-03-24,09:00:01,7.8,85.0,0,712.48,1.73,4.0,7.9,13.8,2428,Weather Station,allpress
49,16-03-24,10:00:01,7.8,73.0,0,397.72,3.7,5.0,7.9,13.8,2428,Weather Station,allpress
50,16-03-24,11:00:01,10.3,67.9,0,1144.36,8.45,6.5,7.9,13.8,2428,Weather Station,allpress
51,16-03-24,12:00:01,11.2,67.9,0,1300.52,11.3,8.25,7.9,13.8,2428,Weather Station,allpress
52,16-03-24,13:00:01,10.2,68.6,0,531.92,15.08,9.0,8.0,13.8,2428,Weather Station,allpress
53,16-03-24,14:00:01,10.5,69.3,0,402.6,17.7,10.0,8.1,13.8,2428,Weather Station,allpress
54,16-03-24,15:00:01,10.8,70.4,0,236.68,17.35,9.0,8.2,13.8,2428,Weather Station,allpress
55,16-03-24,16:00:01,10.5,76.3,0,134.2,16.0,8.25,8.3,13.3,2428,Weather Station,allpress
56,16-03-24,17:00:01,10.5,79.6,0,56.12,14.03,7.5,8.3,13.2,2428,Weather Station,allpress
57,16-03-24,18:00:01,9.2,85.4,0,7.32,23.6,14.0,8.3,13.1,2428,Weather Station,allpress
58,16-03-24,19:00:01,8.4,90.1,0,0.0,24.23,12.5,8.3,13.0,2428,Weather Station,allpress
59,16-03-24,20:00:01,8.7,90.3,0,0.0,20.78,10.0,8.3,13.0,2428,Weather Station,allpress
60,16-03-24,21:00:01,9.0,85.6,0,0.0,21.98,12.5,8.3,13.0,2428,Weather Station,allpress
61,16-03-24,22:00:01,8.4,86.3,0,0.0,24.35,13.25,8.3,13.0,2428,Weather Station,allpress
62,16-03-24,23:00:01,8.5,89.5,0,0.0,23.98,13.25,8.2,13.0,2428,Weather Station,allpress
63,17-03-24,00:00:01,8.8,91.3,0,0.0,24.23,11.5,8.2,12.9,2428,Weather Station,allpress
64,17-03-24,01:00:01,8.4,95.4,0,0.0,25.65,12.5,8.2,12.9,2428,Weather Station,allpress
65,17-03-24,02:00:01,8.5,98.2,0,0.0,25.58,13.25,8.2,12.9,2428,Weather Station,allpress
66,17-03-24,03:00:01,8.7,100.0,0,0.0,23.93,12.5,8.2,12.9,2428,Weather Station,allpress
67,17-03-24,04:00:01,8.4,100.0,0,0.0,19.98,10.75,8.2,12.9,2428,Weather Station,allpress
68,17-03-24,05:00:01,8.8,100.0,0,0.0,18.93,10.0,8.2,12.9,2428,Weather Station,allpress
69,17-03-24,06:00:01,8.9,100.0,0,0.0,18.75,10.0,8.2,12.9,2428,Weather Station,allpress
70,17-03-24,07:00:01,9.4,100.0,0,70.76,17.98,10.75,8.2,12.9,2428,Weather Station,allpress
71,17-03-24,08:00:01,9.6,100.0,1,82.96,20.78,10.75,8.2,12.9,2428,Weather Station,allpress
72,17-03-24,09:00:01,10.4,100.0,1,229.36,21.9,11.5,8.2,13.2,2428,Weather Station,allpress
73,17-03-24,10:00:01,11.3,100.0,0,375.76,24.05,11.5,8.3,13.6,2428,Weather Station,allpress
74,17-03-24,11:00:01,11.7,100.0,1,295.24,27.05,13.25,8.3,13.7,2428,Weather Station,allpress
75,17-03-24,12:00:01,11.9,100.0,0,258.64,28.55,15.75,8.4,13.6,2428,Weather Station,allpress
76,17-03-24,13:00:01,12.6,100.0,0,439.2,29.18,15.0,8.4,13.8,2428,Weather Station,allpress
77,17-03-24,14:00:01,13.5,92.8,0,492.88,27.53,12.5,8.5,13.8,2428,Weather Station,allpress
78,17-03-24,15:00:01,14.3,86.8,0,417.24,24.85,13.25,8.6,13.8,2428,Weather Station,allpress
79,17-03-24,16:00:01,15.7,76.7,0,529.48,21.0,11.5,8.8,13.8,2428,Weather Station,allpress
80,17-03-24,17:00:01,14.1,78.1,0,165.92,22.83,11.5,8.9,13.5,2428,Weather Station,allpress
81,17-03-24,18:00:01,12.4,90.8,0,14.64,14.15,7.5,9.0,13.2,2428,Weather Station,allpress
82,17-03-24,19:00:01,11.3,93.1,0,0.0,5.78,5.0,9.0,13.1,2428,Weather Station,allpress
83,17-03-24,20:00:01,10.8,90.4,0,0.0,14.1,9.0,9.0,13.1,2428,Weather Station,allpress
84,17-03-24,21:00:01,9.4,92.1,0,0.0,10.98,6.5,9.0,13.0,2428,Weather Station,allpress
85,17-03-24,22:00:01,8.3,91.9,0,0.0,6.08,5.0,9.0,13.0,2428,Weather Station,allpress
86,17-03-24,23:00:01,7.8,92.5,0,0.0,14.43,7.5,8.9,13.0,2428,Weather Station,allpress
87,18-03-24,00:00:01,6.3,96.5,0,0.0,4.73,5.0,8.8,13.0,2428,Weather Station,allpress
88,18-03-24,01:00:01,6.0,100.0,0,0.0,2.75,3.25,8.7,12.9,2428,Weather Station,allpress
89,18-03-24,02:00:01,5.9,100.0,0,0.0,6.75,5.0,8.6,12.9,2428,Weather Station,allpress
90,18-03-24,03:00:01,4.9,100.0,0,0.0,6.83,5.0,8.5,12.9,2428,Weather Station,allpress
91,18-03-24,04:00:01,4.7,100.0,0,0.0,6.75,5.0,8.4,12.9,2428,Weather Station,allpress
92,18-03-24,05:00:01,4.4,100.0,0,0.0,4.85,5.0,8.3,12.8,2428,Weather Station,allpress
93,18-03-24,06:00:01,4.5,100.0,0,0.0,7.58,5.0,8.2,12.8,2428,Weather Station,allpress
94,18-03-24,07:00:01,5.1,100.0,0,170.8,4.6,5.0,8.1,12.9,2428,Weather Station,allpress
95,18-03-24,08:00:01,7.7,100.0,0,456.28,11.28,7.5,8.0,13.7,2428,Weather Station,allpress
96,18-03-24,09:00:01,9.1,95.7,0,751.52,20.65,10.75,8.0,13.8,2428,Weather Station,allpress
97,18-03-24,10:00:01,9.8,93.5,0,1200.48,24.95,11.5,8.0,13.8,2428,Weather Station,allpress
98,18-03-24,11:00:01,11.6,84.5,0,802.76,24.93,12.5,8.0,13.8,2428,Weather Station,allpress
99,18-03-24,12:00:01,11.5,87.6,0,558.76,25.28,12.5,8.1,13.8,2428,Weather Station,allpress
100,18-03-24,13:00:01,12.5,83.4,0,429.44,23.98,10.75,8.2,13.8,2428,Weather Station,allpress
101,18-03-24,14:00:01,13.2,78.6,0,292.8,22.8,11.5,8.3,13.8,2428,Weather Station,allpress
102,18-03-24,15:00:01,13.5,80.9,0,319.64,20.1,10.75,8.4,13.8,2428,Weather Station,allpress
103,18-03-24,16:00:01,13.1,81.0,0,219.6,19.6,10.75,8.5,13.8,2428,Weather Station,allpress
104,18-03-24,17:00:01,12.6,87.6,0,58.56,14.18,8.25,8.5,13.2,2428,Weather Station,allpress
105,18-03-24,18:00:01,11.9,90.6,0,12.2,13.2,9.0,8.6,13.1,2428,Weather Station,allpress
106,18-03-24,19:00:01,10.8,92.5,0,0.0,15.33,8.25,8.7,13.1,2428,Weather Station,allpress
107,18-03-24,20:00:01,10.1,95.4,0,0.0,15.85,10.0,8.7,13.0,2428,Weather Station,allpress
108,18-03-24,21:00:01,9.5,96.4,0,0.0,18.75,10.0,8.7,13.0,2428,Weather Station,allpress
109,18-03-24,22:00:01,8.7,99.0,0,0.0,19.75,10.75,8.7,13.0,2428,Weather Station,allpress
110,18-03-24,23:00:01,8.4,100.0,0,0.0,20.48,10.0,8.7,13.0,2428,Weather Station,allpress
111,19-03-24,00:00:01,8.3,100.0,0,0.0,17.28,10.0,8.6,12.9,2428,Weather Station,allpress
112,19-03-24,01:00:01,8.4,100.0,0,0.0,18.68,10.0,8.6,12.9,2428,Weather Station,allpress
113,19-03-24,02:00:01,9.0,98.5,0,0.0,15.75,7.5,8.5,12.9,2428,Weather Station,allpress
114,19-03-24,03:00:01,9.5,96.2,0,0.0,16.95,9.0,8.5,12.9,2428,Weather Station,allpress
115,19-03-24,04:00:01,9.5,93.5,0,0.0,18.98,11.5,8.5,12.9,2428,Weather Station,allpress
116,19-03-24,05:00:01,9.5,93.6,0,0.0,21.43,11.5,8.4,12.9,2428,Weather Station,allpress
117,19-03-24,06:00:01,9.9,91.4,0,0.0,22.8,11.5,8.4,12.9,2428,Weather Station,allpress
118,19-03-24,07:00:01,10.2,91.7,0,85.4,20.6,12.5,8.4,12.9,2428,Weather Station,allpress
119,19-03-24,08:00:01,10.8,91.3,0,217.16,19.03,10.75,8.4,13.2,2428,Weather Station,allpress
120,19-03-24,09:00:01,12.2,88.4,0,512.4,32.08,16.5,8.5,13.8,2428,Weather Station,allpress
121,19-03-24,10:00:01,12.4,85.7,0,297.68,36.45,17.5,8.5,13.8,2428,Weather Station,allpress
122,19-03-24,11:00:01,13.3,87.0,0,588.04,31.53,15.75,8.6,13.8,2428,Weather Station,allpress
123,19-03-24,12:00:01,14.5,79.6,0,634.4,33.18,16.5,8.7,13.8,2428,Weather Station,allpress
124,19-03-24,13:00:01,14.4,78.9,0,378.2,28.83,15.0,8.8,13.8,2428,Weather Station,allpress
125,19-03-24,14:00:01,14.2,77.5,0,239.12,27.83,15.0,8.9,13.8,2428,Weather Station,allpress
126,19-03-24,15:00:01,14.5,81.5,0,590.48,32.28,15.0,9.0,13.8,2428,Weather Station,allpress
127,19-03-24,16:00:01,14.2,81.2,0,273.28,24.33,11.5,9.0,13.8,2428,Weather Station,allpress
128,19-03-24,17:00:01,13.5,84.8,0,129.32,21.03,10.75,9.1,13.4,2428,Weather Station,allpress
129,19-03-24,18:00:01,12.0,91.7,0,7.32,21.25,11.5,9.2,13.1,2428,Weather Station,allpress
130,19-03-24,19:00:01,11.0,96.2,0,0.0,14.53,7.5,9.2,13.1,2428,Weather Station,allpress
131,19-03-24,20:00:01,10.7,97.6,0,0.0,14.58,7.5,9.2,13.0,2428,Weather Station,allpress
132,19-03-24,21:00:01,10.2,99.8,0,0.0,13.95,7.5,9.2,13.0,2428,Weather Station,allpress
133,19-03-24,22:00:01,9.6,100.0,0,0.0,9.45,5.75,9.2,13.0,2428,Weather Station,allpress
134,19-03-24,23:00:01,9.8,100.0,0,0.0,13.05,6.5,9.2,13.0,2428,Weather Station,allpress
135,20-03-24,00:00:01,9.9,100.0,0,0.0,11.7,6.5,9.1,13.0,2428,Weather Station,allpress
136,20-03-24,01:00:01,10.1,100.0,0,0.0,12.8,6.5,9.1,13.0,2428,Weather Station,allpress
137,20-03-24,02:00:01,10.0,100.0,0,0.0,11.0,6.5,9.1,12.9,2428,Weather Station,allpress
138,20-03-24,03:00:01,10.0,100.0,1,0.0,13.95,8.25,9.1,12.9,2428,Weather Station,allpress
139,20-03-24,04:00:01,10.1,100.0,0,0.0,15.78,8.25,9.1,12.9,2428,Weather Station,allpress
140,20-03-24,05:00:01,10.1,100.0,0,0.0,15.93,8.25,9.1,12.9,2428,Weather Station,allpress
141,20-03-24,06:00:01,10.2,100.0,0,0.0,16.93,9.0,9.1,12.9,2428,Weather Station,allpress
142,20-03-24,07:00:01,10.3,100.0,0,61.0,14.28,10.0,9.1,12.9,2428,Weather Station,allpress
143,20-03-24,08:00:01,10.7,100.0,0,95.16,16.03,8.25,9.1,13.0,2428,Weather Station,allpress
144,20-03-24,09:00:01,11.3,100.0,0,324.52,19.68,10.0,9.1,13.5,2428,Weather Station,allpress
145,20-03-24,10:00:01,11.8,100.0,0,483.12,19.3,10.75,9.1,13.8,2428,Weather Station,allpress
146,20-03-24,11:00:01,13.3,96.8,0,671.0,22.23,10.75,9.1,13.8,2428,Weather Station,allpress
147,20-03-24,12:00:01,15.0,84.5,0,1119.96,19.68,9.0,9.2,13.8,2428,Weather Station,allpress
148,20-03-24,13:00:01,14.6,84.1,0,636.84,19.5,10.0,9.3,13.8,2428,Weather Station,allpress
149,20-03-24,14:00:01,14.8,79.1,0,485.56,18.73,9.0,9.4,13.8,2428,Weather Station,allpress
150,20-03-24,15:00:01,14.6,83.1,0,351.36,17.0,9.0,9.6,13.8,2428,Weather Station,allpress
151,20-03-24,16:00:01,15.1,78.1,0,341.6,14.73,9.0,9.6,13.8,2428,Weather Station,allpress
152,20-03-24,17:00:01,14.1,83.7,0,68.32,13.48,7.5,9.6,13.3,2428,Weather Station,allpress
153,20-03-24,18:00:01,13.1,91.7,0,7.32,4.05,5.75,9.7,13.1,2428,Weather Station,allpress
154,20-03-24,19:00:01,11.3,96.9,0,0.0,12.3,15.75,9.7,13.1,2428,Weather Station,allpress
155,20-03-24,20:00:01,8.6,100.0,1,0.0,33.68,17.5,9.7,13.0,2428,Weather Station,allpress
156,20-03-24,21:00:01,8.4,100.0,0,0.0,26.73,13.25,9.7,13.0,2428,Weather Station,allpress
157,20-03-24,22:00:01,8.1,100.0,0,0.0,21.98,10.75,9.6,13.0,2428,Weather Station,allpress
158,20-03-24,23:00:01,6.9,100.0,0,0.0,11.08,7.5,9.6,13.0,2428,Weather Station,allpress
159,21-03-24,00:00:01,6.6,100.0,0,0.0,4.78,11.5,9.6,12.9,2428,Weather Station,allpress
160,21-03-24,01:00:01,6.2,100.0,0,0.0,23.15,11.5,9.5,12.9,2428,Weather Station,allpress
161,21-03-24,02:00:02,5.9,100.0,0,0.0,15.15,9.0,9.4,12.9,2428,Weather Station,allpress
162,21-03-24,03:00:01,5.9,100.0,0,0.0,8.75,6.5,9.3,12.9,2428,Weather Station,allpress
163,21-03-24,04:00:01,5.8,100.0,0,0.0,5.03,5.0,9.2,12.9,2428,Weather Station,allpress
164,21-03-24,05:00:01,5.5,100.0,0,0.0,2.1,4.0,9.1,12.8,2428,Weather Station,allpress
165,21-03-24,06:00:01,5.5,100.0,0,0.0,0.53,3.25,9.1,12.8,2428,Weather Station,allpress
166,21-03-24,07:00:01,5.9,100.0,0,36.6,4.35,5.75,9.0,12.8,2428,Weather Station,allpress
167,21-03-24,08:00:01,5.9,100.0,0,163.48,13.33,7.5,9.0,13.1,2428,Weather Station,allpress
168,21-03-24,09:00:01,7.0,100.0,0,256.2,16.43,8.25,9.0,13.6,2428,Weather Station,allpress
169,21-03-24,10:00:01,8.8,98.1,0,624.64,20.8,11.5,8.9,13.8,2428,Weather Station,allpress
170,21-03-24,11:00:01,11.0,93.5,0,575.84,23.58,11.5,8.9,13.8,2428,Weather Station,allpress
171,21-03-24,12:00:01,12.4,85.9,0,819.84,27.15,15.75,9.0,13.8,2428,Weather Station,allpress
172,21-03-24,13:00:01,13.0,83.4,0,534.36,32.45,15.75,9.0,13.8,2428,Weather Station,allpress
173,21-03-24,14:00:01,13.4,81.0,0,549.0,30.53,14.0,9.0,13.8,2428,Weather Station,allpress
174,21-03-24,15:00:01,13.3,76.9,0,412.36,29.55,15.75,9.1,13.8,2428,Weather Station,allpress
175,21-03-24,16:00:01,13.2,79.8,0,236.68,24.33,11.5,9.2,13.8,2428,Weather Station,allpress
176,21-03-24,17:00:01,13.4,69.6,0,134.2,22.58,12.5,9.3,13.6,2428,Weather Station,allpress
177,21-03-24,18:00:01,12.2,70.6,0,21.96,20.58,11.5,9.3,13.2,2428,Weather Station,allpress
178,21-03-24,19:00:01,11.0,72.5,0,0.0,21.7,12.5,9.3,13.1,2428,Weather Station,allpress
179,21-03-24,20:00:01,10.3,78.5,0,0.0,27.2,15.75,9.3,13.1,2428,Weather Station,allpress
180,21-03-24,21:00:01,10.0,80.1,0,0.0,29.2,14.0,9.3,13.0,2428,Weather Station,allpress
181,21-03-24,22:00:01,9.7,80.2,0,0.0,29.08,15.0,9.2,13.0,2428,Weather Station,allpress
182,21-03-24,23:00:01,9.8,78.5,0,0.0,24.6,13.25,9.2,13.0,2428,Weather Station,allpress
183,22-03-24,00:00:01,9.7,78.0,0,0.0,23.05,12.5,9.1,13.0,2428,Weather Station,allpress
184,22-03-24,01:00:01,9.6,86.8,0,0.0,20.8,10.75,9.0,12.9,2428,Weather Station,allpress
185,22-03-24,02:00:01,9.3,90.6,0,0.0,27.8,15.0,9.0,12.9,2428,Weather Station,allpress
186,22-03-24,03:00:01,9.0,93.5,0,0.0,30.15,14.0,9.0,12.9,2428,Weather Station,allpress
187,22-03-24,04:00:01,9.0,95.3,0,0.0,29.18,14.0,9.0,12.9,2428,Weather Station,allpress
188,22-03-24,05:00:01,9.0,97.5,0,0.0,22.55,12.5,9.0,12.9,2428,Weather Station,allpress
189,22-03-24,06:00:01,8.9,100.0,0,0.0,18.75,10.0,9.0,12.9,2428,Weather Station,allpress
190,22-03-24,07:00:01,9.1,100.0,0,109.8,12.73,8.25,9.0,12.9,2428,Weather Station,allpress
191,22-03-24,08:00:01,10.2,90.9,0,385.52,18.83,10.0,8.9,13.6,2428,Weather Station,allpress
192,22-03-24,09:00:01,9.6,90.3,0,265.96,22.43,11.5,9.0,13.6,2428,Weather Station,allpress
193,22-03-24,10:00:01,10.4,81.9,0,497.76,29.05,15.75,9.0,13.8,2428,Weather Station,allpress
194,22-03-24,11:00:01,10.0,76.8,0,458.72,32.4,15.75,9.0,13.8,2428,Weather Station,allpress
195,22-03-24,12:00:01,9.9,70.9,0,495.32,31.2,15.75,9.0,13.8,2428,Weather Station,allpress
196,22-03-24,13:00:01,10.4,67.6,0,583.16,30.25,14.0,9.0,13.8,2428,Weather Station,allpress
197,22-03-24,14:00:01,10.6,60.0,0,341.6,30.65,16.5,8.9,13.8,2428,Weather Station,allpress
198,22-03-24,15:00:01,11.1,53.2,0,573.4,30.23,14.0,8.9,13.8,2428,Weather Station,allpress
199,22-03-24,16:00:01,11.8,48.5,0,602.68,31.73,20.0,8.9,13.8,2428,Weather Station,allpress
200,22-03-24,17:00:01,10.3,48.2,0,275.72,36.18,18.25,8.9,13.8,2428,Weather Station,allpress
201,22-03-24,18:00:01,8.1,57.9,0,36.6,24.83,16.5,8.9,13.4,2428,Weather Station,allpress
202,22-03-24,19:00:01,5.8,67.1,0,0.0,15.3,7.5,8.8,13.1,2428,Weather Station,allpress
203,22-03-24,20:00:01,5.2,74.7,0,0.0,9.85,5.75,8.7,13.0,2428,Weather Station,allpress
204,22-03-24,21:00:01,4.3,78.0,0,0.0,10.5,5.0,8.6,13.0,2428,Weather Station,allpress
205,22-03-24,22:00:01,4.8,75.6,0,0.0,13.95,8.25,8.4,13.0,2428,Weather Station,allpress
206,22-03-24,23:00:01,4.3,85.4,0,0.0,18.05,12.5,8.4,12.9,2428,Weather Station,allpress
207,23-03-24,00:00:01,4.2,87.4,0,0.0,25.78,11.5,8.3,12.9,2428,Weather Station,allpress
208,23-03-24,01:00:01,3.4,91.9,0,0.0,20.28,10.75,8.1,12.9,2428,Weather Station,allpress
209,23-03-24,02:00:01,3.2,94.0,0,0.0,17.75,10.75,8.0,12.9,2428,Weather Station,allpress
210,23-03-24,03:00:01,2.8,93.5,0,0.0,24.03,11.5,7.9,12.9,2428,Weather Station,allpress
211,23-03-24,04:00:01,2.9,93.5,0,0.0,25.95,11.5,7.8,12.8,2428,Weather Station,allpress
212,23-03-24,05:00:01,3.1,92.9,0,0.0,27.73,14.0,7.8,12.8,2428,Weather Station,allpress
213,23-03-24,06:00:01,2.9,92.8,0,12.2,29.23,15.75,7.7,12.8,2428,Weather Station,allpress
214,23-03-24,07:00:01,3.9,90.4,0,226.92,30.9,17.5,7.6,13.0,2428,Weather Station,allpress
215,23-03-24,08:00:01,5.3,83.4,0,502.64,38.03,20.0,7.4,13.7,2428,Weather Station,allpress
216,23-03-24,09:00:01,7.3,75.3,0,1032.12,40.53,20.0,7.4,13.8,2428,Weather Station,allpress
217,23-03-24,10:00:01,7.3,70.4,0,348.92,46.4,22.5,7.3,13.8,2428,Weather Station,allpress
218,23-03-24,11:00:01,8.4,66.4,0,605.12,46.6,21.5,7.3,13.8,2428,Weather Station,allpress
219,23-03-24,12:00:01,7.6,72.9,0,1276.12,50.98,24.0,7.3,13.8,2428,Weather Station,allpress
220,23-03-24,13:00:01,9.6,67.4,0,1522.56,46.8,21.5,7.4,13.8,2428,Weather Station,allpress
221,23-03-24,14:00:01,7.9,68.5,0,253.76,45.08,25.0,7.4,13.8,2428,Weather Station,allpress
222,23-03-24,15:00:01,9.0,66.4,0,883.28,36.28,18.25,7.5,13.8,2428,Weather Station,allpress
223,23-03-24,16:00:02,8.4,54.6,0,158.6,39.75,20.75,7.5,13.8,2428,Weather Station,allpress
224,23-03-24,17:00:01,8.0,55.4,0,75.64,43.73,20.75,7.6,13.4,2428,Weather Station,allpress
225,23-03-24,18:00:01,7.5,65.6,0,14.64,40.0,21.5,7.6,13.1,2428,Weather Station,allpress
226,23-03-24,19:00:01,6.8,71.5,0,0.0,35.18,19.0,7.5,13.1,2428,Weather Station,allpress
227,23-03-24,20:00:01,6.5,77.9,0,0.0,34.95,18.25,7.5,13.0,2428,Weather Station,allpress
228,23-03-24,21:00:01,6.5,79.5,0,0.0,31.15,18.25,7.5,13.0,2428,Weather Station,allpress
229,23-03-24,22:00:01,5.8,85.8,0,0.0,33.0,17.5,7.4,13.0,2428,Weather Station,allpress
230,23-03-24,23:00:01,5.9,86.8,0,0.0,34.95,19.0,7.4,13.0,2428,Weather Station,allpress
231,24-03-24,00:00:01,5.8,90.4,0,0.0,30.85,16.5,7.3,12.9,2428,Weather Station,allpress
232,24-03-24,01:00:01,5.4,89.6,0,0.0,31.95,18.25,7.3,12.9,2428,Weather Station,allpress
233,24-03-24,02:00:01,4.8,92.5,0,0.0,30.68,14.0,7.2,12.9,2428,Weather Station,allpress
234,24-03-24,03:00:01,4.4,93.7,0,0.0,30.65,14.0,7.2,12.8,2428,Weather Station,allpress
235,24-03-24,04:00:01,4.3,94.1,0,0.0,29.45,14.0,7.2,12.8,2428,Weather Station,allpress
236,24-03-24,05:00:01,4.3,94.3,0,0.0,30.48,14.0,7.2,12.8,2428,Weather Station,allpress
237,24-03-24,06:00:01,4.1,92.5,0,14.64,34.48,16.5,7.1,12.8,2428,Weather Station,allpress
238,24-03-24,07:00:01,5.1,92.3,0,224.48,29.65,13.25,7.1,13.0,2428,Weather Station,allpress
239,24-03-24,08:00:01,6.8,82.6,0,517.28,37.98,17.5,7.0,13.7,2428,Weather Station,allpress
240,24-03-24,09:00:01,8.1,70.4,0,805.2,45.35,21.5,7.0,13.8,2428,Weather Station,allpress
241,24-03-24,10:00:01,9.6,66.9,0,1388.36,42.1,22.5,7.0,13.8,2428,Weather Station,allpress
242,24-03-24,11:00:01,8.6,66.9,0,417.24,38.03,18.25,7.0,13.8,2428,Weather Station,allpress
243,24-03-24,12:00:01,10.5,59.8,0,775.92,39.1,18.25,7.1,13.8,2428,Weather Station,allpress
244,24-03-24,13:00:01,10.5,60.7,0,714.92,33.9,15.75,7.2,13.8,2428,Weather Station,allpress
245,24-03-24,14:00:01,11.0,56.7,0,817.4,30.78,15.0,7.2,13.8,2428,Weather Station,allpress
246,24-03-24,15:00:01,12.3,57.9,0,1078.48,27.93,14.0,7.3,13.8,2428,Weather Station,allpress
247,24-03-24,16:00:01,11.3,56.3,0,295.24,27.2,13.25,7.4,13.8,2428,Weather Station,allpress
248,24-03-24,17:00:01,10.2,62.9,0,244.0,18.5,11.5,7.5,13.8,2428,Weather Station,allpress
249,24-03-24,18:00:01,8.7,72.3,0,43.92,4.45,5.0,7.6,13.8,2428,Weather Station,allpress
250,24-03-24,19:00:01,7.2,73.0,0,0.0,5.73,5.0,7.6,13.1,2428,Weather Station,allpress
251,24-03-24,20:00:01,5.8,84.0,0,0.0,2.3,4.0,7.6,13.0,2428,Weather Station,allpress
252,24-03-24,21:00:01,4.4,91.5,0,0.0,1.15,3.25,7.5,13.0,2428,Weather Station,allpress
253,24-03-24,22:00:01,2.7,97.3,0,0.0,3.55,4.0,7.3,13.0,2428,Weather Station,allpress
254,24-03-24,23:00:01,1.6,100.0,0,0.0,1.65,3.25,7.2,12.9,2428,Weather Station,allpress
255,25-03-24,00:00:01,1.8,100.0,0,0.0,0.15,2.5,7.1,12.9,2428,Weather Station,allpress
256,25-03-24,01:00:01,1.5,100.0,0,0.0,0.0,1.5,6.9,12.9,2428,Weather Station,allpress
257,25-03-24,02:00:01,1.4,100.0,0,0.0,0.1,2.5,6.8,12.9,2428,Weather Station,allpress
258,25-03-24,03:00:01,2.1,100.0,0,0.0,5.73,4.0,6.6,12.9,2428,Weather Station,allpress
259,25-03-24,04:00:01,3.0,100.0,0,0.0,8.68,5.0,6.6,12.8,2428,Weather Station,allpress
260,25-03-24,05:00:01,3.1,98.1,0,0.0,4.5,5.75,6.6,12.8,2428,Weather Station,allpress
261,25-03-24,06:00:01,3.6,97.4,0,7.32,9.93,5.75,6.6,12.8,2428,Weather Station,allpress
262,25-03-24,07:00:01,4.8,95.6,0,148.84,13.65,8.25,6.6,13.1,2428,Weather Station,allpress
263,25-03-24,08:00:01,6.4,91.5,0,329.4,18.9,11.5,6.6,13.7,2428,Weather Station,allpress
264,25-03-24,09:00:01,8.6,86.9,0,629.52,23.93,12.5,6.6,13.8,2428,Weather Station,allpress
265,25-03-24,10:00:01,9.8,76.5,0,627.08,30.3,18.25,6.6,13.8,2428,Weather Station,allpress
266,25-03-24,11:00:01,9.8,70.8,0,563.64,32.43,16.5,6.7,13.8,2428,Weather Station,allpress
267,25-03-24,12:00:01,10.2,67.6,0,805.2,33.18,15.0,6.8,13.8,2428,Weather Station,allpress
268,25-03-24,13:00:01,10.5,63.5,0,634.4,36.5,18.25,6.9,13.8,2428,Weather Station,allpress
269,25-03-24,14:00:01,10.8,64.0,0,651.48,31.05,14.0,7.1,13.8,2428,Weather Station,allpress
270,25-03-24,15:00:01,10.5,72.0,0,295.24,29.43,15.0,7.2,13.8,2428,Weather Station,allpress
271,25-03-24,16:00:01,9.8,75.0,0,161.04,27.78,14.0,7.2,13.6,2428,Weather Station,allpress
272,25-03-24,17:00:01,9.4,76.5,0,100.04,29.35,14.0,7.3,13.3,2428,Weather Station,allpress
273,25-03-24,18:00:01,8.7,77.3,0,26.84,28.6,15.0,7.3,13.1,2428,Weather Station,allpress
274,25-03-24,19:00:01,7.8,84.8,0,0.0,26.53,11.5,7.4,13.1,2428,Weather Station,allpress
275,25-03-24,20:00:01,7.3,86.9,0,0.0,19.53,12.5,7.4,13.0,2428,Weather Station,allpress
276,25-03-24,21:00:01,6.6,90.1,0,0.0,19.0,9.0,7.4,13.0,2428,Weather Station,allpress
277,25-03-24,22:00:01,6.6,91.2,0,0.0,24.95,11.5,7.4,13.0,2428,Weather Station,allpress
278,25-03-24,23:00:01,6.0,95.8,0,0.0,23.68,10.75,7.4,13.0,2428,Weather Station,allpress
279,26-03-24,00:00:01,5.3,99.0,0,0.0,22.7,10.75,7.3,12.9,2428,Weather Station,allpress
280,26-03-24,01:00:01,4.9,100.0,0,0.0,14.65,6.5,7.3,12.9,2428,Weather Station,allpress
281,26-03-24,02:00:01,4.4,100.0,0,0.0,16.15,6.5,7.3,12.9,2428,Weather Station,allpress
282,26-03-24,03:00:01,4.8,100.0,0,0.0,16.3,7.5,7.3,12.8,2428,Weather Station,allpress
283,26-03-24,04:00:01,5.2,100.0,0,0.0,18.8,8.25,7.3,12.8,2428,Weather Station,allpress
284,26-03-24,05:00:01,5.5,100.0,0,0.0,13.65,7.5,7.2,12.8,2428,Weather Station,allpress
285,26-03-24,06:00:01,5.2,100.0,0,7.32,11.0,5.0,7.2,12.8,2428,Weather Station,allpress
286,26-03-24,07:00:01,5.9,100.0,0,100.04,14.58,6.5,7.2,12.9,2428,Weather Station,allpress
287,26-03-24,08:00:01,7.8,96.0,0,309.88,16.58,7.5,7.2,13.6,2428,Weather Station,allpress
288,26-03-24,09:00:01,9.2,85.0,0,575.84,17.95,9.0,7.2,13.7,2428,Weather Station,allpress
289,26-03-24,10:00:01,11.8,75.2,0,656.36,18.6,10.0,7.3,13.8,2428,Weather Station,allpress
290,26-03-24,11:00:01,13.1,62.0,0,849.12,21.95,11.5,7.3,13.8,2428,Weather Station,allpress
291,26-03-24,12:00:01,14.6,52.9,0,1146.8,25.78,12.5,7.4,13.8,2428,Weather Station,allpress
292,26-03-24,13:00:02,15.1,51.5,0,1188.28,24.93,12.5,7.6,13.8,2428,Weather Station,allpress
293,26-03-24,14:00:01,15.7,47.8,0,1188.28,20.75,10.75,7.8,13.8,2428,Weather Station,allpress
294,26-03-24,15:00:01,14.4,48.9,0,619.76,16.78,10.0,7.8,13.8,2428,Weather Station,allpress
295,26-03-24,16:00:01,14.1,51.3,0,480.68,19.05,10.0,8.0,13.8,2428,Weather Station,allpress
296,26-03-24,17:00:01,12.2,64.7,0,141.52,18.25,10.0,8.1,13.6,2428,Weather Station,allpress
297,26-03-24,18:00:01,10.7,72.1,0,19.52,21.35,10.75,8.1,13.1,2428,Weather Station,allpress
298,26-03-24,19:00:01,9.7,77.9,0,0.0,17.48,9.0,8.2,13.1,2428,Weather Station,allpress
299,26-03-24,20:00:01,8.6,84.2,0,0.0,19.98,9.0,8.2,13.0,2428,Weather Station,allpress
300,26-03-24,21:00:01,7.5,93.7,0,0.0,25.53,10.75,8.2,13.0,2428,Weather Station,allpress
301,26-03-24,22:00:01,7.0,100.0,0,0.0,25.85,11.5,8.1,13.0,2428,Weather Station,allpress
302,26-03-24,23:00:01,6.8,100.0,2,0.0,23.0,10.75,8.1,13.0,2428,Weather Station,allpress
303,27-03-24,00:00:01,7.3,100.0,1,0.0,26.3,10.75,8.1,13.0,2428,Weather Station,allpress
304,27-03-24,01:00:01,6.1,100.0,0,0.0,25.4,18.25,8.0,12.9,2428,Weather Station,allpress
305,27-03-24,02:00:01,5.7,100.0,0,0.0,25.25,13.25,8.0,12.9,2428,Weather Station,allpress
306,27-03-24,03:00:01,4.5,100.0,0,0.0,26.35,14.0,8.0,12.9,2428,Weather Station,allpress
307,27-03-24,04:00:01,4.0,100.0,0,0.0,15.68,8.25,7.9,12.8,2428,Weather Station,allpress
308,27-03-24,05:00:01,3.7,100.0,0,0.0,19.95,10.0,7.8,12.8,2428,Weather Station,allpress
309,27-03-24,06:00:01,3.6,100.0,0,14.64,19.58,11.5,7.8,12.8,2428,Weather Station,allpress
310,27-03-24,07:00:02,4.2,100.0,0,78.08,18.68,10.0,7.7,12.8,2428,Weather Station,allpress
311,27-03-24,08:00:01,6.4,100.0,0,505.08,27.3,14.0,7.6,13.7,2428,Weather Station,allpress
312,27-03-24,09:00:01,8.1,88.7,0,873.52,34.73,17.5,7.5,13.8,2428,Weather Station,allpress
313,27-03-24,10:00:01,9.4,76.2,0,429.44,41.15,22.5,7.5,13.8,2428,Weather Station,allpress
314,27-03-24,11:00:01,10.4,66.5,0,470.92,43.58,21.5,7.6,13.8,2428,Weather Station,allpress
315,27-03-24,12:00:01,11.5,62.9,0,666.12,46.93,24.0,7.6,13.8,2428,Weather Station,allpress
316,27-03-24,13:00:01,11.1,58.1,0,688.08,49.45,23.25,7.7,13.8,2428,Weather Station,allpress
317,27-03-24,14:00:01,5.5,92.0,0,375.76,45.68,23.25,7.8,13.8,2428,Weather Station,allpress
318,27-03-24,15:00:01,7.1,96.9,1,531.92,27.1,19.0,7.8,13.8,2428,Weather Station,allpress
319,27-03-24,16:00:02,9.1,79.2,0,671.0,41.2,20.75,7.8,13.8,2428,Weather Station,allpress
320,27-03-24,17:00:01,8.8,81.9,0,356.24,36.05,20.0,7.8,13.8,2428,Weather Station,allpress
321,27-03-24,18:00:01,8.0,81.2,0,82.96,26.43,15.75,7.8,13.8,2428,Weather Station,allpress
322,27-03-24,19:00:01,6.5,88.9,0,0.0,17.35,10.0,7.8,13.1,2428,Weather Station,allpress
323,27-03-24,20:00:01,5.1,92.0,0,0.0,9.85,5.75,7.8,13.0,2428,Weather Station,allpress
324,27-03-24,21:00:01,4.7,97.6,0,0.0,12.93,7.5,7.7,13.0,2428,Weather Station,allpress
325,27-03-24,22:00:01,5.2,98.7,0,0.0,17.95,10.0,7.7,13.0,2428,Weather Station,allpress
326,27-03-24,23:00:01,4.5,100.0,0,0.0,24.58,11.5,7.6,13.0,2428,Weather Station,allpress
327,28-03-24,00:00:01,4.4,100.0,0,0.0,27.15,12.5,7.5,12.9,2428,Weather Station,allpress
328,28-03-24,01:00:01,4.8,100.0,0,0.0,35.65,14.0,7.5,12.9,2428,Weather Station,allpress
329,28-03-24,02:00:01,6.5,100.0,0,0.0,36.25,15.0,7.4,12.9,2428,Weather Station,allpress
330,28-03-24,03:00:01,6.7,98.2,0,0.0,37.7,17.5,7.4,12.9,2428,Weather Station,allpress
331,28-03-24,04:00:01,7.0,96.3,0,0.0,40.4,20.0,7.4,12.9,2428,Weather Station,allpress
332,28-03-24,05:00:02,6.2,99.0,1,0.0,42.35,20.0,7.4,12.8,2428,Weather Station,allpress
333,28-03-24,06:00:01,5.6,92.9,0,4.88,36.28,18.25,7.4,12.8,2428,Weather Station,allpress
334,28-03-24,07:00:01,4.5,90.1,0,136.64,32.1,17.5,7.3,13.0,2428,Weather Station,allpress
335,28-03-24,08:00:01,5.5,90.7,0,539.24,25.8,15.0,7.3,13.7,2428,Weather Station,allpress
336,28-03-24,09:00:01,7.2,85.4,0,871.08,31.85,15.0,7.3,13.8,2428,Weather Station,allpress
337,28-03-24,10:00:01,8.9,76.0,0,1195.6,36.98,20.75,7.2,13.8,2428,Weather Station,allpress
338,28-03-24,11:00:01,9.6,70.1,0,690.52,40.55,19.0,7.3,13.8,2428,Weather Station,allpress
339,28-03-24,12:00:01,10.5,68.6,0,793.0,45.85,21.5,7.3,13.8,2428,Weather Station,allpress
340,28-03-24,13:00:01,7.5,83.7,0,124.44,47.5,22.5,7.4,13.4,2428,Weather Station,allpress
341,28-03-24,14:00:01,6.6,95.7,0,256.2,45.73,23.25,7.4,13.8,2428,Weather Station,allpress
342,28-03-24,15:00:01,7.9,95.6,0,129.32,41.8,20.75,7.5,13.4,2428,Weather Station,allpress
343,28-03-24,16:00:01,9.6,90.8,0,583.16,44.65,23.25,7.5,13.8,2428,Weather Station,allpress
344,28-03-24,17:00:01,9.2,89.7,0,170.8,44.25,21.5,7.5,13.8,2428,Weather Station,allpress
345,28-03-24,18:00:01,9.2,85.4,0,24.4,46.4,23.25,7.6,13.2,2428,Weather Station,allpress
346,28-03-24,19:00:01,9.5,81.7,0,0.0,50.73,25.75,7.6,13.1,2428,Weather Station,allpress
347,28-03-24,20:00:01,7.9,100.0,1,0.0,47.2,30.75,7.6,13.0,2428,Weather Station,allpress
348,28-03-24,21:00:01,7.8,100.0,0,0.0,49.45,32.5,7.6,13.0,2428,Weather Station,allpress
349,28-03-24,22:00:01,8.1,100.0,0,0.0,47.1,29.0,7.6,13.0,2428,Weather Station,allpress
350,28-03-24,23:00:01,8.2,88.0,0,0.0,46.23,24.0,7.6,13.0,2428,Weather Station,allpress
351,29-03-24,00:00:01,7.0,92.8,0,0.0,44.08,25.75,7.5,13.0,2428,Weather Station,allpress
352,29-03-24,01:00:01,6.6,93.1,0,0.0,37.48,18.25,7.5,12.9,2428,Weather Station,allpress
353,29-03-24,02:00:01,5.3,95.8,0,0.0,26.78,15.0,7.5,12.9,2428,Weather Station,allpress
354,29-03-24,03:00:01,4.6,100.0,0,0.0,19.35,10.75,7.4,12.8,2428,Weather Station,allpress
355,29-03-24,04:00:01,4.5,100.0,0,0.0,18.03,9.0,7.4,12.8,2428,Weather Station,allpress
356,29-03-24,05:00:01,5.4,100.0,0,0.0,16.4,9.0,7.3,12.8,2428,Weather Station,allpress
357,29-03-24,06:00:01,6.6,100.0,0,7.32,18.78,10.0,7.2,12.8,2428,Weather Station,allpress
358,29-03-24,07:00:01,6.6,98.6,0,92.72,25.3,12.5,7.2,12.9,2428,Weather Station,allpress
359,29-03-24,08:00:02,8.5,92.6,0,612.44,29.53,16.5,7.2,13.7,2428,Weather Station,allpress
360,29-03-24,09:00:01,8.8,88.1,0,297.68,37.33,17.5,7.2,13.7,2428,Weather Station,allpress
361,29-03-24,10:00:01,9.7,85.8,0,463.6,38.68,20.75,7.2,13.8,2428,Weather Station,allpress
362,29-03-24,11:00:01,10.5,80.6,0,397.72,40.98,21.5,7.3,13.8,2428,Weather Station,allpress
363,29-03-24,12:00:01,12.4,77.1,0,1525.0,39.85,20.75,7.4,13.8,2428,Weather Station,allpress
364,29-03-24,13:00:02,13.3,71.9,0,1317.6,40.58,20.0,7.5,13.8,2428,Weather Station,allpress
365,29-03-24,14:00:01,12.4,74.0,0,397.72,38.85,19.0,7.6,13.8,2428,Weather Station,allpress
366,29-03-24,15:00:01,13.7,67.8,0,1202.92,40.5,19.0,7.8,13.8,2428,Weather Station,allpress
367,29-03-24,16:00:01,11.6,75.8,0,336.72,39.28,21.5,7.8,13.8,2428,Weather Station,allpress
368,29-03-24,17:00:02,12.4,66.4,0,422.12,37.35,20.75,7.9,13.8,2428,Weather Station,allpress
369,29-03-24,18:00:01,10.5,74.8,0,65.88,24.23,20.75,8.0,13.8,2428,Weather Station,allpress
370,29-03-24,19:00:01,9.9,79.0,0,0.0,17.08,11.5,8.0,13.1,2428,Weather Station,allpress
371,29-03-24,20:00:01,8.0,84.3,0,0.0,15.7,8.25,8.0,13.1,2428,Weather Station,allpress
372,29-03-24,21:00:01,6.9,88.0,0,0.0,16.83,9.0,8.0,13.0,2428,Weather Station,allpress
373,29-03-24,22:00:01,6.6,93.5,0,0.0,13.5,7.5,8.0,13.0,2428,Weather Station,allpress
374,29-03-24,23:00:01,6.2,96.4,0,0.0,17.35,9.0,7.9,13.0,2428,Weather Station,allpress
375,30-03-24,00:00:01,5.5,99.5,0,0.0,12.43,6.5,7.9,13.0,2428,Weather Station,allpress
376,30-03-24,01:00:01,5.7,100.0,0,0.0,11.75,6.5,7.8,12.9,2428,Weather Station,allpress
377,30-03-24,02:00:01,4.5,100.0,0,0.0,10.6,7.5,7.8,12.9,2428,Weather Station,allpress
378,30-03-24,03:00:01,4.0,100.0,0,0.0,1.03,3.25,7.7,12.9,2428,Weather Station,allpress
379,30-03-24,04:00:01,3.8,100.0,0,0.0,6.7,5.0,7.6,12.9,2428,Weather Station,allpress
380,30-03-24,05:00:01,2.9,100.0,0,0.0,3.28,4.0,7.5,12.8,2428,Weather Station,allpress
381,30-03-24,06:00:01,3.0,100.0,0,17.08,0.28,4.0,7.5,12.8,2428,Weather Station,allpress
382,30-03-24,07:00:01,4.3,100.0,0,222.04,0.0,0.0,7.3,13.2,2428,Weather Station,allpress
383,30-03-24,08:00:01,6.5,100.0,0,346.48,9.03,5.75,7.2,13.7,2428,Weather Station,allpress
384,30-03-24,09:00:02,8.8,94.8,0,631.96,14.5,7.5,7.2,13.8,2428,Weather Station,allpress
385,30-03-24,10:00:01,11.2,85.2,0,893.04,15.48,7.5,7.2,13.8,2428,Weather Station,allpress
386,30-03-24,11:00:01,11.6,68.5,0,1163.88,16.8,9.0,7.3,13.8,2428,Weather Station,allpress
387,30-03-24,12:00:01,13.7,63.2,0,1410.32,17.15,10.0,7.4,13.8,2428,Weather Station,allpress
388,30-03-24,13:00:01,14.1,52.4,0,1471.32,18.7,10.0,7.6,13.8,2428,Weather Station,allpress
389,30-03-24,14:00:01,14.4,46.4,0,1173.64,18.68,10.75,7.8,13.8,2428,Weather Station,allpress
390,30-03-24,15:00:01,14.6,47.4,0,990.64,16.73,11.5,7.9,13.8,2428,Weather Station,allpress
391,30-03-24,16:00:01,14.4,45.4,0,712.48,15.25,9.0,8.0,13.8,2428,Weather Station,allpress
392,30-03-24,17:00:01,13.9,46.9,0,331.84,12.95,8.25,8.2,13.8,2428,Weather Station,allpress
393,30-03-24,18:00:01,12.0,63.2,0,53.68,11.98,10.75,8.3,13.4,2428,Weather Station,allpress
394,30-03-24,19:00:01,9.6,79.5,0,0.0,17.25,10.75,8.3,13.1,2428,Weather Station,allpress
395,30-03-24,20:00:01,7.7,89.0,0,0.0,13.2,7.5,8.3,13.1,2428,Weather Station,allpress
396,30-03-24,21:00:01,6.8,95.0,0,0.0,12.65,5.75,8.3,13.0,2428,Weather Station,allpress
397,30-03-24,22:00:01,5.8,99.2,0,0.0,10.18,5.75,8.2,13.0,2428,Weather Station,allpress
398,30-03-24,23:00:01,5.5,100.0,0,0.0,11.08,6.5,8.1,13.0,2428,Weather Station,allpress
399,31-03-24,00:00:01,4.9,100.0,0,0.0,13.68,7.5,8.0,13.0,2428,Weather Station,allpress
400,31-03-24,02:00:01,3.7,100.0,0,0.0,1.4,3.25,8.0,12.9,2428,Weather Station,allpress
401,31-03-24,03:00:01,3.4,100.0,0,0.0,6.8,5.0,7.8,12.9,2428,Weather Station,allpress
402,31-03-24,04:00:01,4.7,100.0,0,0.0,16.28,9.0,7.8,12.9,2428,Weather Station,allpress
403,31-03-24,05:00:01,6.0,100.0,0,0.0,27.7,14.0,7.7,12.9,2428,Weather Station,allpress
404,31-03-24,06:00:01,6.7,100.0,0,0.0,28.78,13.25,7.6,12.9,2428,Weather Station,allpress
405,31-03-24,07:00:01,6.8,100.0,0,12.2,28.4,13.25,7.6,12.8,2428,Weather Station,allpress
406,31-03-24,08:00:01,7.0,100.0,0,207.4,26.48,13.25,7.6,13.1,2428,Weather Station,allpress
407,31-03-24,09:00:01,7.8,100.0,0,492.88,29.4,13.25,7.6,13.7,2428,Weather Station,allpress
408,31-03-24,10:00:01,8.9,99.1,0,275.72,35.8,15.75,7.7,13.7,2428,Weather Station,allpress
409,31-03-24,11:00:01,10.5,87.1,0,573.4,45.3,20.75,7.7,13.8,2428,Weather Station,allpress
410,31-03-24,12:00:01,10.2,85.0,0,278.16,43.78,17.5,7.7,13.8,2428,Weather Station,allpress
411,31-03-24,13:00:01,10.2,85.1,0,387.96,41.93,17.5,7.8,13.8,2428,Weather Station,allpress
412,31-03-24,14:00:01,10.4,82.8,0,527.04,46.75,20.0,7.8,13.8,2428,Weather Station,allpress
413,31-03-24,15:00:01,8.8,93.2,0,200.08,44.53,19.0,7.8,13.8,2428,Weather Station,allpress
414,31-03-24,16:00:01,9.0,96.5,0,178.12,36.58,15.75,7.9,13.8,2428,Weather Station,allpress
415,31-03-24,17:00:01,8.6,100.0,0,80.52,31.53,14.0,7.9,13.2,2428,Weather Station,allpress
416,31-03-24,18:00:01,8.8,100.0,0,104.92,29.98,13.25,8.0,13.2,2428,Weather Station,allpress
417,31-03-24,19:00:01,8.5,100.0,0,24.4,27.28,12.5,8.0,13.1,2428,Weather Station,allpress
418,31-03-24,20:00:01,8.3,100.0,0,0.0,22.45,10.0,8.0,13.0,2428,Weather Station,allpress
419,31-03-24,21:00:01,8.3,100.0,0,0.0,19.35,9.0,8.0,13.0,2428,Weather Station,allpress
420,31-03-24,22:00:01,8.3,100.0,0,0.0,19.05,8.25,8.1,13.0,2428,Weather Station,allpress
421,31-03-24,23:00:01,8.2,100.0,0,0.0,14.48,6.5,8.1,13.0,2428,Weather Station,allpress
422,01-04-24,00:00:01,8.1,100.0,0,0.0,11.83,5.75,8.1,12.9,2428,Weather Station,allpress
423,01-04-24,01:00:01,8.1,100.0,0,0.0,10.2,5.0,8.1,12.9,2428,Weather Station,allpress
424,01-04-24,02:00:01,8.3,100.0,0,0.0,6.18,4.0,8.1,12.9,2428,Weather Station,allpress
425,01-04-24,03:00:01,8.4,100.0,0,0.0,3.73,4.0,8.1,12.9,2428,Weather Station,allpress
426,01-04-24,04:00:01,8.4,100.0,0,0.0,0.15,2.5,8.1,12.9,2428,Weather Station,allpress
427,01-04-24,05:00:01,8.4,100.0,0,0.0,0.15,2.5,8.2,12.8,2428,Weather Station,allpress
428,01-04-24,06:00:01,8.0,100.0,0,0.0,3.93,5.75,8.1,12.8,2428,Weather Station,allpress
429,01-04-24,07:00:01,7.6,100.0,0,7.32,4.68,5.0,8.2,12.8,2428,Weather Station,allpress
430,01-04-24,08:00:01,8.0,100.0,0,85.4,12.58,6.5,8.2,12.9,2428,Weather Station,allpress
431,01-04-24,09:00:01,8.4,100.0,0,141.52,15.58,9.0,8.2,13.1,2428,Weather Station,allpress
432,01-04-24,10:00:01,10.7,88.5,0,1058.96,22.2,14.0,8.2,13.8,2428,Weather Station,allpress
433,01-04-24,11:00:01,10.6,85.4,0,561.2,25.98,15.0,8.2,13.8,2428,Weather Station,allpress
434,01-04-24,12:00:01,11.3,77.1,0,614.88,23.95,15.0,8.3,13.8,2428,Weather Station,allpress
435,01-04-24,13:00:01,12.3,67.0,0,1100.44,30.0,15.75,8.3,13.8,2428,Weather Station,allpress
436,01-04-24,14:00:01,14.4,52.8,0,1337.12,28.7,15.75,8.4,13.8,2428,Weather Station,allpress
437,01-04-24,15:00:02,14.0,52.1,0,405.04,24.3,12.5,8.4,13.8,2428,Weather Station,allpress
438,01-04-24,16:00:01,14.4,51.2,0,280.6,22.95,11.5,8.5,13.8,2428,Weather Station,allpress
439,01-04-24,17:00:01,14.1,50.4,0,224.48,20.95,10.75,8.7,13.8,2428,Weather Station,allpress
440,01-04-24,18:00:01,12.8,66.5,0,348.92,30.0,15.75,8.8,13.8,2428,Weather Station,allpress
441,01-04-24,19:00:01,10.9,74.0,0,48.8,25.0,14.0,8.8,13.3,2428,Weather Station,allpress
442,01-04-24,20:00:01,8.6,84.7,0,0.0,11.1,8.25,8.8,13.1,2428,Weather Station,allpress
443,01-04-24,21:00:01,7.3,90.6,0,0.0,8.45,5.75,8.8,13.1,2428,Weather Station,allpress
444,01-04-24,22:00:01,7.0,95.1,0,0.0,7.28,5.0,8.7,13.0,2428,Weather Station,allpress
445,01-04-24,23:00:01,6.6,99.2,0,0.0,8.03,5.0,8.7,13.0,2428,Weather Station,allpress
446,02-04-24,00:00:01,5.6,98.7,0,0.0,9.1,6.5,8.6,13.0,2428,Weather Station,allpress
447,02-04-24,01:00:01,5.0,100.0,0,0.0,5.5,5.0,8.5,13.0,2428,Weather Station,allpress
448,02-04-24,02:00:01,6.0,100.0,0,0.0,4.45,5.75,8.4,12.9,2428,Weather Station,allpress
449,02-04-24,03:00:01,6.6,100.0,0,0.0,13.83,9.0,8.3,12.9,2428,Weather Station,allpress
450,02-04-24,04:00:01,7.6,100.0,0,0.0,20.15,10.75,8.3,12.9,2428,Weather Station,allpress
451,02-04-24,05:00:01,7.3,100.0,0,0.0,19.18,10.0,8.2,12.9,2428,Weather Station,allpress
452,02-04-24,06:00:01,7.3,100.0,0,0.0,14.18,8.25,8.2,12.9,2428,Weather Station,allpress
453,02-04-24,07:00:01,7.4,100.0,0,9.76,12.6,9.0,8.2,12.9,2428,Weather Station,allpress
454,02-04-24,08:00:01,8.0,100.0,0,163.48,6.68,5.0,8.2,13.1,2428,Weather Station,allpress
455,02-04-24,09:00:01,9.6,97.8,0,622.2,9.5,5.75,8.2,13.7,2428,Weather Station,allpress
456,02-04-24,10:00:01,11.0,92.3,0,1168.76,19.48,10.0,8.2,13.8,2428,Weather Station,allpress
457,02-04-24,11:00:01,11.8,81.2,0,1376.16,21.6,10.75,8.2,13.8,2428,Weather Station,allpress
458,02-04-24,12:00:01,12.9,77.9,0,1381.04,21.7,12.5,8.3,13.8,2428,Weather Station,allpress
459,02-04-24,13:00:01,12.6,71.3,0,488.0,22.73,12.5,8.4,13.8,2428,Weather Station,allpress
460,02-04-24,14:00:01,14.3,59.8,0,683.2,20.23,11.5,8.4,13.8,2428,Weather Station,allpress
461,02-04-24,15:00:01,14.7,55.7,0,944.28,26.18,13.25,8.5,13.8,2428,Weather Station,allpress
462,02-04-24,16:00:01,14.1,61.3,0,646.6,21.28,10.75,8.6,13.8,2428,Weather Station,allpress
463,02-04-24,17:00:01,13.5,61.7,0,283.04,23.35,13.25,8.7,13.8,2428,Weather Station,allpress
464,02-04-24,18:00:01,12.8,67.8,0,92.72,20.55,11.5,8.8,13.3,2428,Weather Station,allpress
465,02-04-24,19:00:01,12.0,73.6,0,14.64,13.2,9.0,8.9,13.1,2428,Weather Station,allpress
466,02-04-24,20:00:01,9.6,84.3,0,0.0,23.23,14.0,8.9,13.1,2428,Weather Station,allpress
467,02-04-24,21:00:01,8.4,97.3,1,0.0,18.25,13.25,8.9,13.0,2428,Weather Station,allpress
468,02-04-24,22:00:01,8.4,100.0,0,0.0,22.03,13.25,8.9,13.0,2428,Weather Station,allpress
469,02-04-24,23:00:01,8.9,100.0,0,0.0,28.3,13.25,8.8,13.0,2428,Weather Station,allpress
470,03-04-24,00:00:01,9.3,100.0,1,0.0,25.65,13.25,8.8,13.0,2428,Weather Station,allpress
471,03-04-24,01:00:01,9.1,100.0,0,0.0,27.98,14.0,8.8,13.0,2428,Weather Station,allpress
472,03-04-24,02:00:01,9.3,100.0,0,0.0,26.0,12.5,8.8,12.9,2428,Weather Station,allpress
473,03-04-24,03:00:01,9.2,100.0,0,0.0,23.7,11.5,8.8,12.9,2428,Weather Station,allpress
474,03-04-24,04:00:01,9.0,100.0,0,0.0,21.73,10.75,8.8,12.9,2428,Weather Station,allpress
475,03-04-24,05:00:01,9.3,100.0,0,0.0,21.93,12.5,8.7,12.9,2428,Weather Station,allpress
476,03-04-24,06:00:02,9.3,100.0,0,0.0,20.73,11.5,8.8,12.9,2428,Weather Station,allpress
477,03-04-24,07:00:01,9.5,100.0,0,17.08,19.33,10.0,8.8,12.9,2428,Weather Station,allpress
478,03-04-24,08:00:01,10.2,100.0,0,75.64,21.58,12.5,8.8,12.9,2428,Weather Station,allpress
479,03-04-24,09:00:01,11.6,97.9,0,380.64,27.73,14.0,8.8,13.7,2428,Weather Station,allpress
480,03-04-24,10:00:01,12.6,95.1,0,817.4,30.2,15.0,8.8,13.8,2428,Weather Station,allpress
481,03-04-24,11:00:01,13.5,83.5,0,1254.16,33.23,16.5,8.9,13.8,2428,Weather Station,allpress
482,03-04-24,12:00:01,12.4,87.9,0,531.92,34.1,16.5,9.0,13.8,2428,Weather Station,allpress
483,03-04-24,13:00:01,13.0,88.1,0,427.0,39.18,20.0,9.0,13.8,2428,Weather Station,allpress
484,03-04-24,14:00:01,12.8,82.5,0,780.8,47.1,24.0,9.0,13.8,2428,Weather Station,allpress
485,03-04-24,15:00:01,13.0,78.0,0,685.64,45.05,21.5,9.1,13.8,2428,Weather Station,allpress
486,03-04-24,16:00:01,11.9,80.7,0,95.16,42.68,20.0,9.1,13.4,2428,Weather Station,allpress
487,03-04-24,17:00:01,12.4,69.1,0,322.08,40.03,25.75,9.1,13.8,2428,Weather Station,allpress
488,03-04-24,18:00:01,11.4,72.3,0,56.12,44.73,24.0,9.1,13.3,2428,Weather Station,allpress
489,03-04-24,19:00:01,10.8,73.6,0,63.44,44.0,21.5,9.1,13.3,2428,Weather Station,allpress
490,03-04-24,20:00:01,9.8,77.3,0,0.0,32.78,19.0,9.1,13.1,2428,Weather Station,allpress
491,03-04-24,21:00:01,9.4,82.4,0,0.0,25.58,16.5,9.1,13.1,2428,Weather Station,allpress
492,03-04-24,22:00:01,9.0,85.2,0,0.0,22.03,11.5,9.0,13.0,2428,Weather Station,allpress
493,03-04-24,23:00:01,8.1,88.7,0,0.0,19.28,11.5,9.0,13.0,2428,Weather Station,allpress
494,04-04-24,00:00:01,7.9,93.1,0,0.0,20.75,10.0,9.0,13.0,2428,Weather Station,allpress
495,04-04-24,01:00:01,8.2,96.2,0,0.0,17.18,10.0,8.9,13.0,2428,Weather Station,allpress
496,04-04-24,02:00:02,7.8,100.0,2,0.0,16.85,8.25,8.9,12.9,2428,Weather Station,allpress
497,04-04-24,03:00:01,7.7,100.0,0,0.0,6.45,6.5,8.8,12.9,2428,Weather Station,allpress
498,04-04-24,04:00:01,7.8,100.0,0,0.0,0.0,0.0,8.8,12.9,2428,Weather Station,allpress
499,04-04-24,05:00:01,7.8,100.0,1,0.0,1.15,4.0,8.8,12.9,2428,Weather Station,allpress
500,04-04-24,06:00:01,7.7,100.0,0,0.0,4.43,4.0,8.8,12.8,2428,Weather Station,allpress
501,04-04-24,07:00:01,7.7,100.0,2,7.32,4.6,5.0,8.8,12.8,2428,Weather Station,allpress
502,04-04-24,08:00:01,8.4,100.0,0,87.84,1.43,5.0,8.8,12.9,2428,Weather Station,allpress
503,04-04-24,09:00:01,9.6,100.0,0,217.16,9.23,7.5,8.8,13.5,2428,Weather Station,allpress
504,04-04-24,10:00:01,11.3,100.0,0,868.64,22.1,14.0,8.8,13.8,2428,Weather Station,allpress
505,04-04-24,11:00:01,9.9,100.0,1,483.12,23.85,16.5,8.8,13.8,2428,Weather Station,allpress
506,04-04-24,12:00:01,12.1,86.8,0,722.24,26.5,15.0,8.9,13.8,2428,Weather Station,allpress
507,04-04-24,13:00:01,13.7,86.0,0,1207.8,30.18,15.75,9.0,13.8,2428,Weather Station,allpress
508,04-04-24,14:00:01,13.7,74.7,0,619.76,30.7,17.5,9.0,13.8,2428,Weather Station,allpress
509,04-04-24,15:00:01,13.9,74.8,0,583.16,28.48,15.0,9.1,13.8,2428,Weather Station,allpress
510,04-04-24,16:00:01,15.3,65.6,0,600.24,27.35,14.0,9.2,13.8,2428,Weather Station,allpress
511,04-04-24,17:00:01,14.1,71.8,0,219.6,24.73,12.5,9.2,13.8,2428,Weather Station,allpress
512,04-04-24,18:00:01,13.7,78.7,0,63.44,19.68,10.75,9.3,13.3,2428,Weather Station,allpress
513,04-04-24,19:00:01,12.1,95.2,0,56.12,18.35,12.5,9.4,13.2,2428,Weather Station,allpress
514,04-04-24,20:00:01,11.4,97.9,0,0.0,18.73,10.75,9.4,13.1,2428,Weather Station,allpress
515,04-04-24,21:00:01,11.3,96.0,0,0.0,17.35,10.0,9.4,13.1,2428,Weather Station,allpress
516,04-04-24,22:00:01,11.0,97.5,0,0.0,20.33,12.5,9.4,13.0,2428,Weather Station,allpress
517,04-04-24,23:00:01,11.1,97.3,0,0.0,22.15,12.5,9.4,13.0,2428,Weather Station,allpress
518,05-04-24,00:00:01,11.1,100.0,1,0.0,24.33,15.0,9.4,13.0,2428,Weather Station,allpress
519,05-04-24,01:00:02,11.6,100.0,0,0.0,28.25,13.25,9.4,13.0,2428,Weather Station,allpress
520,05-04-24,02:00:01,12.2,100.0,0,0.0,31.18,16.5,9.4,13.0,2428,Weather Station,allpress
521,05-04-24,03:00:01,11.9,100.0,0,0.0,25.93,12.5,9.5,12.9,2428,Weather Station,allpress
522,05-04-24,04:00:01,12.1,99.7,0,0.0,26.85,14.0,9.5,12.9,2428,Weather Station,allpress
523,05-04-24,05:00:01,11.7,100.0,0,0.0,28.48,16.5,9.5,12.9,2428,Weather Station,allpress
524,05-04-24,06:00:01,11.6,100.0,0,0.0,27.8,18.25,9.6,12.9,2428,Weather Station,allpress
525,05-04-24,07:00:01,11.4,100.0,1,0.0,28.7,15.0,9.6,12.9,2428,Weather Station,allpress
526,05-04-24,08:00:01,11.6,100.0,1,24.4,31.1,15.0,9.6,12.9,2428,Weather Station,allpress
527,05-04-24,09:00:01,12.3,100.0,1,236.68,32.15,18.25,9.6,13.4,2428,Weather Station,allpress
528,05-04-24,10:00:01,14.1,83.7,0,644.16,38.55,20.75,9.6,13.8,2428,Weather Station,allpress
529,05-04-24,11:00:01,14.4,79.8,0,717.36,39.78,19.0,9.6,13.8,2428,Weather Station,allpress
530,05-04-24,12:00:01,15.7,76.7,0,1512.8,42.73,24.0,9.7,13.8,2428,Weather Station,allpress
531,05-04-24,13:00:01,16.3,67.6,0,727.12,44.15,22.5,9.8,13.8,2428,Weather Station,allpress
532,05-04-24,14:00:01,16.7,64.7,0,580.72,44.95,25.0,9.8,13.8,2428,Weather Station,allpress
533,05-04-24,15:00:01,17.0,59.8,0,1281.0,49.15,24.0,9.9,13.8,2428,Weather Station,allpress
534,05-04-24,16:00:01,16.8,62.6,0,468.48,47.53,24.0,10.0,13.8,2428,Weather Station,allpress
535,05-04-24,17:00:01,17.1,62.8,0,697.84,44.73,21.5,10.1,13.8,2428,Weather Station,allpress
536,05-04-24,18:00:01,15.4,68.9,0,244.0,45.2,21.5,10.2,13.8,2428,Weather Station,allpress
537,05-04-24,19:00:01,14.5,73.1,0,36.6,39.23,20.75,10.2,13.2,2428,Weather Station,allpress
538,05-04-24,20:00:01,13.7,76.0,0,0.0,31.15,16.5,10.2,13.1,2428,Weather Station,allpress
539,05-04-24,21:00:01,13.0,82.1,0,0.0,23.7,12.5,10.2,13.1,2428,Weather Station,allpress
540,05-04-24,22:00:01,13.2,83.1,0,0.0,28.28,18.25,10.2,13.0,2428,Weather Station,allpress
541,05-04-24,23:00:01,12.6,88.2,0,0.0,24.83,17.5,10.2,13.0,2428,Weather Station,allpress
542,06-04-24,00:00:01,12.5,87.8,0,0.0,22.1,11.5,10.2,13.0,2428,Weather Station,allpress
543,06-04-24,01:00:01,12.7,88.9,0,0.0,19.78,10.0,10.2,13.0,2428,Weather Station,allpress
544,06-04-24,02:00:01,12.4,91.9,0,0.0,18.48,10.75,10.2,13.0,2428,Weather Station,allpress
545,06-04-24,03:00:01,13.2,93.5,0,0.0,22.1,11.5,10.2,13.0,2428,Weather Station,allpress
546,06-04-24,04:00:01,13.5,93.1,0,0.0,33.98,16.5,10.2,13.0,2428,Weather Station,allpress
547,06-04-24,05:00:01,13.7,90.3,0,0.0,34.85,16.5,10.2,12.9,2428,Weather Station,allpress
548,06-04-24,06:00:02,14.2,85.3,0,0.0,35.0,16.5,10.2,12.9,2428,Weather Station,allpress
549,06-04-24,07:00:01,13.8,85.2,0,48.8,34.4,17.5,10.2,12.9,2428,Weather Station,allpress
550,06-04-24,08:00:01,15.5,77.1,0,273.28,30.03,18.25,10.2,13.2,2428,Weather Station,allpress
551,06-04-24,09:00:01,15.6,76.9,0,451.4,45.1,21.5,10.2,13.7,2428,Weather Station,allpress
552,06-04-24,10:00:01,17.6,68.0,0,607.56,44.8,21.5,10.2,13.8,2428,Weather Station,allpress
553,06-04-24,11:00:01,18.7,63.5,0,622.2,39.6,18.25,10.2,13.8,2428,Weather Station,allpress
554,06-04-24,12:00:01,18.0,65.9,0,412.36,44.9,24.0,10.3,13.8,2428,Weather Station,allpress
555,06-04-24,13:00:01,18.2,64.5,0,468.48,37.93,18.25,10.4,13.8,2428,Weather Station,allpress
556,06-04-24,14:00:01,18.9,64.2,0,1032.12,43.73,24.0,10.6,13.8,2428,Weather Station,allpress
557,06-04-24,15:00:01,18.6,61.2,0,695.4,53.1,26.5,10.7,13.8,2428,Weather Station,allpress
558,06-04-24,16:00:01,19.0,60.2,0,1051.64,57.05,27.5,10.8,13.8,2428,Weather Station,allpress
559,06-04-24,17:00:01,17.8,53.6,0,326.96,51.2,25.0,10.8,13.8,2428,Weather Station,allpress
560,06-04-24,18:00:01,16.7,62.3,0,351.36,45.5,24.0,10.8,13.8,2428,Weather Station,allpress
561,06-04-24,19:00:01,15.0,69.2,0,80.52,40.68,20.75,10.9,13.3,2428,Weather Station,allpress
562,06-04-24,20:00:01,13.4,75.9,0,0.0,28.9,15.75,10.9,13.1,2428,Weather Station,allpress
563,06-04-24,21:00:01,13.8,78.4,0,0.0,34.15,20.0,10.8,13.1,2428,Weather Station,allpress
564,06-04-24,22:00:01,13.6,76.2,0,0.0,45.1,21.5,10.8,13.0,2428,Weather Station,allpress
565,06-04-24,23:00:01,14.1,74.1,0,0.0,50.83,25.75,10.8,13.0,2428,Weather Station,allpress
566,07-04-24,00:00:01,13.6,75.6,0,0.0,53.8,26.5,10.8,13.0,2428,Weather Station,allpress
567,07-04-24,01:00:01,12.5,72.1,0,0.0,49.33,24.0,10.7,13.0,2428,Weather Station,allpress
568,07-04-24,02:00:01,11.4,74.1,0,0.0,44.78,28.25,10.7,13.0,2428,Weather Station,allpress
569,07-04-24,03:00:01,11.0,77.1,0,0.0,40.0,20.0,10.6,13.0,2428,Weather Station,allpress
570,07-04-24,04:00:01,10.2,85.3,0,0.0,33.23,19.0,10.5,12.9,2428,Weather Station,allpress
571,07-04-24,05:00:01,9.7,83.5,0,0.0,30.95,18.25,10.4,12.9,2428,Weather Station,allpress
572,07-04-24,06:00:01,9.7,81.4,0,0.0,36.1,21.5,10.3,12.9,2428,Weather Station,allpress
573,07-04-24,07:00:01,9.7,86.8,0,104.92,29.75,16.5,10.2,12.9,2428,Weather Station,allpress
574,07-04-24,08:00:01,11.3,78.0,0,373.32,38.05,21.5,10.2,13.2,2428,Weather Station,allpress
575,07-04-24,09:00:01,12.6,73.6,0,734.44,45.6,25.75,10.1,13.8,2428,Weather Station,allpress
576,07-04-24,10:00:01,14.1,67.4,0,1039.44,55.08,27.5,10.1,13.8,2428,Weather Station,allpress
577,07-04-24,11:00:01,14.6,66.2,0,1349.32,54.48,30.75,10.1,13.8,2428,Weather Station,allpress
578,07-04-24,12:00:01,15.1,60.8,0,680.76,60.45,26.5,10.1,13.8,2428,Weather Station,allpress
579,07-04-24,13:00:01,16.1,57.4,0,973.56,59.98,28.25,10.2,13.8,2428,Weather Station,allpress
580,07-04-24,14:00:01,16.5,59.3,0,929.64,52.6,28.25,10.2,13.8,2428,Weather Station,allpress
581,07-04-24,15:00:01,16.4,58.7,0,1651.88,57.95,28.25,10.2,13.8,2428,Weather Station,allpress
582,07-04-24,16:00:01,15.7,60.9,0,736.88,54.43,27.5,10.3,13.8,2428,Weather Station,allpress
583,07-04-24,17:00:01,15.6,55.9,0,422.12,52.15,25.75,10.4,13.8,2428,Weather Station,allpress
584,07-04-24,18:00:01,14.8,55.2,0,236.68,56.65,26.5,10.4,13.8,2428,Weather Station,allpress
585,07-04-24,19:00:01,14.1,62.6,0,56.12,40.9,20.75,10.4,13.2,2428,Weather Station,allpress
586,07-04-24,20:00:01,13.1,67.0,0,0.0,37.6,20.0,10.4,13.1,2428,Weather Station,allpress
587,07-04-24,21:00:01,11.6,72.1,0,0.0,27.58,14.0,10.4,13.1,2428,Weather Station,allpress
588,07-04-24,22:00:01,11.0,77.0,0,0.0,29.25,15.0,10.3,13.0,2428,Weather Station,allpress
589,07-04-24,23:00:01,10.4,80.4,0,0.0,25.53,13.25,10.3,13.0,2428,Weather Station,allpress
590,08-04-24,00:00:01,9.8,86.9,0,0.0,20.48,12.5,10.2,13.0,2428,Weather Station,allpress
591,08-04-24,01:00:01,9.3,91.4,0,0.0,15.6,9.0,10.2,13.0,2428,Weather Station,allpress
592,08-04-24,02:00:01,9.0,94.7,0,0.0,17.2,10.0,10.2,12.9,2428,Weather Station,allpress
593,08-04-24,03:00:01,8.6,96.8,0,0.0,15.73,10.0,10.1,12.9,2428,Weather Station,allpress
594,08-04-24,04:00:01,8.4,100.0,0,0.0,13.73,7.5,10.0,12.9,2428,Weather Station,allpress
595,08-04-24,05:00:01,8.4,100.0,0,0.0,15.28,8.25,10.0,12.9,2428,Weather Station,allpress
596,08-04-24,06:00:01,8.4,99.7,0,0.0,15.25,7.5,9.9,12.9,2428,Weather Station,allpress
597,08-04-24,07:00:01,8.0,100.0,0,68.32,11.0,9.0,9.8,12.9,2428,Weather Station,allpress
598,08-04-24,08:00:01,9.5,98.6,0,300.12,10.5,9.0,9.8,13.5,2428,Weather Station,allpress
599,08-04-24,09:00:01,10.7,92.9,0,461.16,21.85,11.5,9.8,13.8,2428,Weather Station,allpress
600,08-04-24,10:00:01,11.4,87.1,0,666.12,25.95,14.0,9.8,13.8,2428,Weather Station,allpress
601,08-04-24,11:00:01,13.0,79.5,0,724.68,25.73,12.5,9.8,13.8,2428,Weather Station,allpress
602,08-04-24,12:00:01,13.9,68.5,0,732.0,27.43,14.0,9.9,13.8,2428,Weather Station,allpress
603,08-04-24,13:00:01,14.3,66.7,0,841.8,32.2,16.5,10.0,13.8,2428,Weather Station,allpress
604,08-04-24,14:00:01,16.2,55.1,0,1617.72,32.08,18.25,10.1,13.8,2428,Weather Station,allpress
605,08-04-24,15:00:01,16.4,57.6,0,1383.48,30.45,13.25,10.2,13.8,2428,Weather Station,allpress
606,08-04-24,16:00:01,16.7,64.8,0,1227.32,26.08,14.0,10.3,13.8,2428,Weather Station,allpress
607,08-04-24,17:00:01,15.0,64.2,0,244.0,29.03,15.0,10.4,13.8,2428,Weather Station,allpress
608,08-04-24,18:00:01,14.6,71.4,0,204.96,26.85,12.5,10.5,13.8,2428,Weather Station,allpress
609,08-04-24,19:00:01,13.4,75.3,0,90.28,30.28,14.0,10.5,13.3,2428,Weather Station,allpress
610,08-04-24,20:00:01,12.8,82.9,0,0.0,27.1,12.5,10.5,13.1,2428,Weather Station,allpress
611,08-04-24,21:00:01,12.4,86.8,0,0.0,29.18,14.0,10.5,13.1,2428,Weather Station,allpress
612,08-04-24,22:00:01,12.2,95.2,0,0.0,24.55,11.5,10.5,13.1,2428,Weather Station,allpress
613,08-04-24,23:00:01,11.9,95.1,0,0.0,20.18,12.5,10.5,13.0,2428,Weather Station,allpress
614,09-04-24,00:00:01,11.5,95.8,0,0.0,17.45,10.75,10.5,13.0,2428,Weather Station,allpress
615,09-04-24,01:00:01,10.2,91.5,0,0.0,23.65,16.5,10.4,13.0,2428,Weather Station,allpress
616,09-04-24,02:00:01,8.9,86.0,0,0.0,28.73,20.0,10.4,13.0,2428,Weather Station,allpress
617,09-04-24,03:00:01,8.4,82.0,0,0.0,28.45,15.75,10.3,12.9,2428,Weather Station,allpress
618,09-04-24,04:00:01,8.5,77.1,0,0.0,39.43,19.0,10.2,12.9,2428,Weather Station,allpress
619,09-04-24,05:00:01,8.8,81.4,0,0.0,40.08,20.0,10.2,12.9,2428,Weather Station,allpress
620,09-04-24,06:00:01,8.4,90.8,0,0.0,39.73,20.75,10.1,12.9,2428,Weather Station,allpress
621,09-04-24,07:00:01,8.3,98.0,0,29.28,35.58,20.75,10.0,12.9,2428,Weather Station,allpress
622,09-04-24,08:00:01,7.8,100.0,0,141.52,38.33,19.0,9.9,13.0,2428,Weather Station,allpress
623,09-04-24,09:00:01,9.2,100.0,0,305.0,37.53,18.25,9.9,13.7,2428,Weather Station,allpress
624,09-04-24,10:00:01,9.0,94.8,0,441.64,40.1,20.0,9.8,13.8,2428,Weather Station,allpress
625,09-04-24,11:00:01,7.8,92.5,0,134.2,38.08,22.5,9.8,13.5,2428,Weather Station,allpress
626,09-04-24,12:00:01,8.0,83.2,0,622.2,49.23,25.0,9.8,13.8,2428,Weather Station,allpress
627,09-04-24,13:00:01,7.8,84.3,0,329.4,52.48,29.0,9.7,13.8,2428,Weather Station,allpress
628,09-04-24,14:00:01,8.5,81.7,0,317.2,58.8,30.0,9.6,13.8,2428,Weather Station,allpress
629,09-04-24,15:00:01,9.5,79.6,0,385.52,59.7,29.0,9.6,13.8,2428,Weather Station,allpress
630,09-04-24,16:00:01,9.9,70.3,0,246.44,70.85,35.0,9.6,13.8,2428,Weather Station,allpress
631,09-04-24,17:00:01,11.2,65.3,0,570.96,58.9,26.5,9.6,13.8,2428,Weather Station,allpress
632,09-04-24,18:00:01,11.0,66.5,0,539.24,54.85,28.25,9.5,13.8,2428,Weather Station,allpress
633,09-04-24,19:00:02,9.3,70.8,0,75.64,49.05,23.25,9.5,13.4,2428,Weather Station,allpress
634,09-04-24,20:00:01,8.3,76.0,0,0.0,47.3,26.5,9.5,13.1,2428,Weather Station,allpress
635,09-04-24,21:00:01,7.5,82.5,0,0.0,31.43,15.75,9.4,13.1,2428,Weather Station,allpress
636,09-04-24,22:00:01,6.8,78.9,0,0.0,24.0,10.75,9.3,13.0,2428,Weather Station,allpress
637,09-04-24,23:00:01,5.9,81.8,0,0.0,21.45,10.75,9.3,13.0,2428,Weather Station,allpress
638,10-04-24,00:00:01,5.9,85.9,0,0.0,17.23,10.0,9.2,13.0,2428,Weather Station,allpress
639,10-04-24,01:00:01,5.0,87.0,0,0.0,19.78,10.0,9.1,12.9,2428,Weather Station,allpress
640,10-04-24,02:00:01,5.2,87.9,0,0.0,18.08,10.0,9.0,12.9,2428,Weather Station,allpress
641,10-04-24,03:00:02,3.1,96.4,0,0.0,14.05,8.25,9.0,12.9,2428,Weather Station,allpress
642,10-04-24,04:00:01,3.1,99.3,0,0.0,12.6,7.5,8.9,12.8,2428,Weather Station,allpress
643,10-04-24,05:00:01,2.6,100.0,0,0.0,10.55,6.5,8.8,12.8,2428,Weather Station,allpress
644,10-04-24,06:00:01,1.7,100.0,0,0.0,5.03,4.0,8.7,12.8,2428,Weather Station,allpress
645,10-04-24,07:00:01,4.1,100.0,0,92.72,7.5,6.5,8.6,12.9,2428,Weather Station,allpress
646,10-04-24,08:00:01,5.2,100.0,0,385.52,12.3,6.5,8.5,13.5,2428,Weather Station,allpress
647,10-04-24,09:00:01,7.6,97.0,0,644.16,18.98,10.0,8.4,13.8,2428,Weather Station,allpress
648,10-04-24,10:00:01,10.3,82.4,0,1051.64,24.9,10.75,8.4,13.8,2428,Weather Station,allpress
649,10-04-24,11:00:01,11.8,68.5,0,768.6,27.3,15.75,8.5,13.8,2428,Weather Station,allpress
650,10-04-24,12:00:01,13.2,70.0,0,1237.08,32.0,15.75,8.6,13.8,2428,Weather Station,allpress
651,10-04-24,13:00:01,12.4,64.8,0,814.96,34.65,15.75,8.7,13.8,2428,Weather Station,allpress
652,10-04-24,14:00:01,13.2,70.9,0,805.2,39.35,20.0,8.8,13.8,2428,Weather Station,allpress
653,10-04-24,15:00:01,13.2,68.0,0,492.88,42.03,20.75,8.9,13.8,2428,Weather Station,allpress
654,10-04-24,16:00:01,11.0,89.6,0,265.96,42.25,22.5,9.0,13.8,2428,Weather Station,allpress
655,10-04-24,17:00:01,11.2,86.7,0,183.0,41.7,21.5,9.0,13.8,2428,Weather Station,allpress
656,10-04-24,18:00:01,11.3,90.3,0,114.68,48.43,22.5,9.1,13.4,2428,Weather Station,allpress
657,10-04-24,19:00:01,11.3,92.6,0,19.52,43.15,21.5,9.1,13.1,2428,Weather Station,allpress
658,10-04-24,20:00:01,11.3,95.0,0,0.0,37.98,19.0,9.2,13.1,2428,Weather Station,allpress
659,10-04-24,21:00:01,11.6,95.8,0,0.0,35.5,17.5,9.2,13.1,2428,Weather Station,allpress
660,10-04-24,22:00:01,11.8,98.0,0,0.0,29.73,15.0,9.3,13.0,2428,Weather Station,allpress
661,10-04-24,23:00:01,12.4,98.7,0,0.0,27.7,13.25,9.3,13.0,2428,Weather Station,allpress
662,11-04-24,00:00:01,12.6,96.0,0,0.0,29.8,17.5,9.4,13.0,2428,Weather Station,allpress
663,11-04-24,01:00:01,12.6,97.5,0,0.0,32.73,17.5,9.4,13.0,2428,Weather Station,allpress
664,11-04-24,02:00:01,12.5,97.0,0,0.0,32.8,15.75,9.5,13.0,2428,Weather Station,allpress
665,11-04-24,03:00:01,12.8,96.4,0,0.0,31.68,16.5,9.6,12.9,2428,Weather Station,allpress
666,11-04-24,04:00:01,13.0,95.8,0,0.0,34.25,20.0,9.6,12.9,2428,Weather Station,allpress
667,11-04-24,05:00:01,12.3,96.8,0,0.0,29.58,15.75,9.6,12.9,2428,Weather Station,allpress
668,11-04-24,06:00:01,11.8,99.8,0,0.0,17.78,12.5,9.6,12.9,2428,Weather Station,allpress
669,11-04-24,07:00:01,12.1,98.1,0,48.8,15.0,10.75,9.7,12.9,2428,Weather Station,allpress
670,11-04-24,08:00:01,12.7,94.6,0,112.24,19.95,12.5,9.7,13.0,2428,Weather Station,allpress
671,11-04-24,09:00:01,14.6,89.2,0,568.52,17.65,10.0,9.7,13.8,2428,Weather Station,allpress
672,11-04-24,10:00:01,16.0,80.4,0,1061.4,22.35,12.5,9.8,13.8,2428,Weather Station,allpress
673,11-04-24,11:00:01,16.6,73.9,0,773.48,24.93,13.25,9.9,13.8,2428,Weather Station,allpress
674,11-04-24,12:00:01,16.4,74.6,0,766.16,26.73,13.25,10.0,13.8,2428,Weather Station,allpress
675,11-04-24,13:00:01,16.8,71.5,0,588.04,26.28,14.0,10.2,13.8,2428,Weather Station,allpress
676,11-04-24,14:00:01,18.1,69.7,0,592.92,25.35,12.5,10.2,13.8,2428,Weather Station,allpress
677,11-04-24,15:00:01,18.6,62.5,0,668.56,26.75,14.0,10.4,13.8,2428,Weather Station,allpress
678,11-04-24,16:00:01,19.0,66.2,0,1117.52,32.05,15.75,10.5,13.8,2428,Weather Station,allpress
679,11-04-24,17:00:01,18.5,66.7,0,507.52,30.0,17.5,10.7,13.8,2428,Weather Station,allpress
680,11-04-24,18:00:01,17.5,72.1,0,214.72,25.98,15.0,10.8,13.8,2428,Weather Station,allpress
681,11-04-24,19:00:01,16.8,76.8,0,80.52,20.4,12.5,10.8,13.3,2428,Weather Station,allpress
682,11-04-24,20:00:01,15.8,83.1,0,0.0,12.48,7.5,10.8,13.1,2428,Weather Station,allpress
683,11-04-24,21:00:01,15.8,86.0,0,0.0,11.1,5.75,10.8,13.1,2428,Weather Station,allpress
684,11-04-24,22:00:01,16.0,87.5,0,0.0,18.45,11.5,10.9,13.1,2428,Weather Station,allpress
685,11-04-24,23:00:01,15.2,89.8,0,0.0,26.23,12.5,10.9,13.1,2428,Weather Station,allpress
686,12-04-24,00:00:01,14.4,93.0,0,0.0,23.2,11.5,10.9,13.0,2428,Weather Station,allpress
687,12-04-24,01:00:01,13.5,96.0,0,0.0,23.03,11.5,10.9,13.0,2428,Weather Station,allpress
688,12-04-24,02:00:01,13.0,97.3,0,0.0,24.8,13.25,10.9,13.0,2428,Weather Station,allpress
689,12-04-24,03:00:01,12.4,97.5,0,0.0,24.7,11.5,10.9,13.0,2428,Weather Station,allpress
690,12-04-24,04:00:01,12.4,96.8,0,0.0,26.35,14.0,10.9,13.0,2428,Weather Station,allpress
691,12-04-24,05:00:01,11.3,95.8,0,0.0,26.45,14.0,10.8,13.0,2428,Weather Station,allpress
692,12-04-24,06:00:01,10.1,93.6,0,0.0,24.05,13.25,10.8,12.9,2428,Weather Station,allpress
693,12-04-24,07:00:01,9.5,95.4,0,85.4,18.78,15.0,10.8,13.0,2428,Weather Station,allpress
694,12-04-24,08:00:01,10.0,92.0,0,263.52,22.45,13.25,10.7,13.5,2428,Weather Station,allpress
695,12-04-24,09:00:01,11.3,86.0,0,588.04,29.08,15.0,10.7,13.8,2428,Weather Station,allpress
696,12-04-24,10:00:01,12.0,78.7,0,644.16,31.93,15.0,10.6,13.8,2428,Weather Station,allpress
697,12-04-24,11:00:01,12.7,74.5,0,644.16,30.18,17.5,10.6,13.8,2428,Weather Station,allpress
698,12-04-24,12:00:01,14.1,68.1,0,922.32,30.68,15.0,10.6,13.8,2428,Weather Station,allpress
699,12-04-24,13:00:01,15.6,58.6,0,954.04,32.85,16.5,10.6,13.8,2428,Weather Station,allpress
700,12-04-24,14:00:01,16.6,51.8,0,824.72,30.23,15.75,10.6,13.8,2428,Weather Station,allpress
701,12-04-24,15:00:01,18.5,59.3,0,817.4,30.48,16.5,10.7,13.8,2428,Weather Station,allpress
702,12-04-24,16:00:01,19.2,58.0,0,717.36,33.35,20.0,10.8,13.8,2428,Weather Station,allpress
703,12-04-24,17:00:01,19.9,57.8,0,631.96,32.48,17.5,10.8,13.8,2428,Weather Station,allpress
704,12-04-24,18:00:01,18.9,62.6,0,300.12,30.05,15.0,10.9,13.8,2428,Weather Station,allpress
705,12-04-24,19:00:01,17.8,69.0,0,107.36,29.05,15.75,11.0,13.4,2428,Weather Station,allpress
706,12-04-24,20:00:02,16.5,72.5,0,2.44,25.85,12.5,11.1,13.1,2428,Weather Station,allpress
707,12-04-24,21:00:01,15.2,76.4,0,0.0,21.7,12.5,11.1,13.1,2428,Weather Station,allpress
708,12-04-24,22:00:02,13.4,85.2,0,0.0,23.48,16.5,11.1,13.1,2428,Weather Station,allpress
709,12-04-24,23:00:01,12.3,86.9,0,0.0,18.1,10.0,11.1,13.0,2428,Weather Station,allpress
710,13-04-24,00:00:01,11.3,90.8,0,0.0,16.78,9.0,11.0,13.0,2428,Weather Station,allpress
711,13-04-24,01:00:01,10.2,95.4,0,0.0,7.7,5.75,11.0,13.0,2428,Weather Station,allpress
712,13-04-24,02:00:01,9.9,98.9,0,0.0,3.73,5.0,10.9,13.0,2428,Weather Station,allpress
713,13-04-24,03:00:02,9.9,100.0,0,0.0,9.7,6.5,10.8,12.9,2428,Weather Station,allpress
714,13-04-24,04:00:02,9.7,100.0,0,0.0,11.8,7.5,10.8,12.9,2428,Weather Station,allpress
715,13-04-24,05:00:01,8.7,100.0,0,0.0,6.58,5.0,10.7,12.9,2428,Weather Station,allpress
716,13-04-24,06:00:01,8.4,100.0,0,0.0,5.53,5.75,10.6,12.9,2428,Weather Station,allpress
717,13-04-24,07:00:01,8.8,100.0,0,119.56,7.08,5.0,10.5,13.0,2428,Weather Station,allpress
718,13-04-24,08:00:01,10.4,100.0,0,336.72,12.35,7.5,10.5,13.6,2428,Weather Station,allpress
719,13-04-24,09:00:01,12.2,90.9,0,719.8,24.73,15.0,10.4,13.8,2428,Weather Station,allpress
720,13-04-24,10:00:01,13.7,82.9,0,836.92,25.4,13.25,10.4,13.8,2428,Weather Station,allpress
721,13-04-24,11:00:01,15.2,74.6,0,883.28,24.15,11.5,10.5,13.8,2428,Weather Station,allpress
722,13-04-24,12:00:01,16.8,65.3,0,1302.96,27.83,15.75,10.6,13.8,2428,Weather Station,allpress
723,13-04-24,13:00:01,18.4,55.9,0,1366.4,30.83,18.25,10.7,13.8,2428,Weather Station,allpress
724,13-04-24,14:00:01,18.3,48.6,0,956.48,36.4,17.5,10.8,13.8,2428,Weather Station,allpress
725,13-04-24,15:00:01,18.7,50.2,0,1212.68,34.93,18.25,10.9,13.8,2428,Weather Station,allpress
726,13-04-24,16:00:01,18.7,54.7,0,907.68,34.5,18.25,11.0,13.8,2428,Weather Station,allpress
727,13-04-24,17:00:01,18.1,57.0,0,588.04,37.83,19.0,11.1,13.8,2428,Weather Station,allpress
728,13-04-24,18:00:01,16.6,66.2,0,82.96,38.65,20.0,11.2,13.4,2428,Weather Station,allpress
729,13-04-24,19:00:01,15.2,70.8,0,51.24,34.93,18.25,11.2,13.3,2428,Weather Station,allpress
730,13-04-24,20:00:01,14.0,75.4,0,4.88,30.18,18.25,11.2,13.2,2428,Weather Station,allpress
731,13-04-24,21:00:02,12.7,80.7,0,0.0,25.8,14.0,11.2,13.1,2428,Weather Station,allpress
732,13-04-24,22:00:01,11.9,85.8,0,0.0,19.65,11.5,11.2,13.0,2428,Weather Station,allpress
733,13-04-24,23:00:01,10.2,72.1,0,0.0,24.9,13.25,11.1,13.0,2428,Weather Station,allpress
